<?xml version="1.0" encoding="UTF-8" ?>
<!DOCTYPE log4j:configuration SYSTEM "log4j.dtd">
<log4j:configuration xmlns:log4j="http://jakarta.apache.org/log4j/">
	<appender name="consoleAppender" class="org.apache.log4j.ConsoleAppender">
		<layout class="org.apache.log4j.PatternLayout">
			<param name="ConversionPattern" value="%d{ABSOLUTE} %5p %c{1}:%L - %m%n" />
		</layout>
	</appender>

	<!--  Thelogger for velocity -->
	<logger name="velocityLogger" additivity="false">
		<level value="info" />
		<appender-ref ref="consoleAppender" />
	</logger>
	<!-- The default logger -->
	<root>
		<priority value="info" />
		<appender-ref ref="consoleAppender" />
	</root>

</log4j:configuration>